{
  "macro_f1": 0.9831279831279831,
  "per_class_f1": {
    "Shopping": 1.0,
    "Coffee/Dining": 0.9523809523809523,
    "Fuel": 1.0,
    "Transport": 0.9696969696969697,
    "Groceries": 1.0,
    "Health": 1.0,
    "Entertainment": 1.0,
    "Transfers": 1.0,
    "Cash": 0.9230769230769231,
    "Food Delivery": 1.0,
    "Utilities": 0.9523809523809523,
    "Insurance": 1.0
  },
  "confusion_matrix": [
    [
      12,
      2,
      0,
      0,
      0,
      0,
      0,
      0,
      0,
      0,
      0,
      0
    ],
    [
      0,
      20,
      0,
      0,
      0,
      0,
      0,
      0,
      0,
      0,
      0,
      0
    ],
    [
      0,
      0,
      15,
      0,
      0,
      0,
      0,
      0,
      0,
      0,
      0,
      0
    ],
    [
      0,
      0,
      0,
      10,
      0,
      0,
      0,
      0,
      0,
      1,
      0,
      0
    ],
    [
      0,
      0,
      0,
      0,
      20,
      0,
      0,
      0,
      0,
      0,
      0,
      0
    ],
    [
      0,
      0,
      0,
      0,
      0,
      17,
      0,
      0,
      0,
      0,
      0,
      0
    ],
    [
      0,
      0,
      0,
      0,
      0,
      0,
      25,
      0,
      0,
      0,
      0,
      0
    ],
    [
      0,
      0,
      0,
      0,
      0,
      0,
      0,
      19,
      0,
      0,
      0,
      0
    ],
    [
      0,
      0,
      0,
      0,
      0,
      0,
      0,
      0,
      27,
      0,
      0,
      0
    ],
    [
      0,
      0,
      0,
      0,
      0,
      0,
      0,
      0,
      0,
      16,
      0,
      0
    ],
    [
      0,
      0,
      0,
      0,
      0,
      0,
      0,
      0,
      0,
      0,
      23,
      0
    ],
    [
      0,
      0,
      0,
      0,
      0,
      0,
      0,
      0,
      0,
      0,
      0,
      25
    ]
  ],
  "classification_report": {
    "Shopping": {
      "precision": 1.0,
      "recall": 1.0,
      "f1-score": 1.0,
      "support": 27.0
    },
    "Coffee/Dining": {
      "precision": 0.9090909090909091,
      "recall": 1.0,
      "f1-score": 0.9523809523809523,
      "support": 20.0
    },
    "Fuel": {
      "precision": 1.0,
      "recall": 1.0,
      "f1-score": 1.0,
      "support": 25.0
    },
    "Transport": {
      "precision": 0.9411764705882353,
      "recall": 1.0,
      "f1-score": 0.9696969696969697,
      "support": 16.0
    },
    "Groceries": {
      "precision": 1.0,
      "recall": 1.0,
      "f1-score": 1.0,
      "support": 15.0
    },
    "Health": {
      "precision": 1.0,
      "recall": 1.0,
      "f1-score": 1.0,
      "support": 20.0
    },
    "Entertainment": {
      "precision": 1.0,
      "recall": 1.0,
      "f1-score": 1.0,
      "support": 17.0
    },
    "Transfers": {
      "precision": 1.0,
      "recall": 1.0,
      "f1-score": 1.0,
      "support": 25.0
    },
    "Cash": {
      "precision": 1.0,
      "recall": 0.8571428571428571,
      "f1-score": 0.9230769230769231,
      "support": 14.0
    },
    "Food Delivery": {
      "precision": 1.0,
      "recall": 1.0,
      "f1-score": 1.0,
      "support": 19.0
    },
    "Utilities": {
      "precision": 1.0,
      "recall": 0.9090909090909091,
      "f1-score": 0.9523809523809523,
      "support": 11.0
    },
    "Insurance": {
      "precision": 1.0,
      "recall": 1.0,
      "f1-score": 1.0,
      "support": 23.0
    },
    "accuracy": 0.9870689655172413,
    "macro avg": {
      "precision": 0.9875222816399288,
      "recall": 0.9805194805194805,
      "f1-score": 0.9831279831279831,
      "support": 232.0
    },
    "weighted avg": {
      "precision": 0.9881062142725429,
      "recall": 0.9870689655172413,
      "f1-score": 0.9869053360432671,
      "support": 232.0
    }
  }
}